{
	"elements": [{
			"name": "Cube",
			"from": [2.0, 0.0, 2.0],
			"to": [14.0, 13.0, 14.0],
			"faces": {
				"north": {
					"texture": "#0",
					"uv": [2.0, 3.0, 14.0, 16.0]
				},
				"east": {
					"texture": "#0",
					"uv": [2.0, 3.0, 14.0, 16.0]
				},
				"south": {
					"texture": "#0",
					"uv": [2.0, 3.0, 14.0, 16.0]
				},
				"west": {
					"texture": "#0",
					"uv": [2.0, 3.0, 14.0, 16.0]
				},
				"up": {
					"texture": "#1",
					"uv": [2.0, 2.0, 14.0, 14.0]
				},
				"down": {
					"texture": "#1",
					"uv": [2.0, 2.0, 14.0, 14.0]
				}
			}
		},
		{
			"name": "Cube",
			"from": [0.5, 13.0, 0.5],
			"to": [15.5, 16.0, 15.5],
			"faces": {
				"north": {
					"texture": "#2",
					"uv": [0.0, 0.0, 15.0, 3.0]
				},
				"east": {
					"texture": "#2",
					"uv": [0.0, 0.0, 15.0, 3.0]
				},
				"south": {
					"texture": "#2",
					"uv": [0.0, 0.0, 15.0, 3.0]
				},
				"west": {
					"texture": "#2",
					"uv": [0.0, 0.0, 15.0, 3.0]
				},
				"up": {
					"texture": "#3",
					"uv": [0.0, 0.0, 15.0, 15.0]
				},
				"down": {
					"texture": "#3",
					"uv": [0.0, 0.0, 15.0, 15.0]
				}
			}
		}
	]
}