{
  "type": "forge:ore_shaped",
  "result": {
    "item": "immersivetech:valve",
    "data": 0,
    "count": 2
  },
  "pattern": [
    "LRL",
    "PIP",
    "LCL"
  ],
  "key": {
    "P": {
      "item": "immersiveengineering:metal_device1",
      "data": 6
    },
    "C": {
      "item": "immersiveengineering:material",
      "data": 27
    },
    "I": {
      "item": "immersiveengineering:material",
      "data": 8
    },
    "R": {
      "item": "immersiveengineering:connector",
      "data": 12
    },
    "L": {
      "item": "#plateIron"
    }
  }
}