{
	"forge_marker": 1,
	"defaults": {
		"transform": "forge:default-block",
		"textures": {},
		"custom": {
			"flip-v": true
		}
	},
	"variants": {
		"inventory,type=connectors_timer": [{
			"model": "immersivetech:connector/connectors_timer.obj.ie",
			"transform": {
				"scale": [0.5, 0.5, 0.5],
				"firstperson_righthand": {
					"translation": [0, 0.25, 0.125]
				},
				"firstperson_lefthand": {
					"translation": [0, 0.25, 0.125]
				},
				"thirdperson_righthand": {
					"translation": [-0.0625, 0.125, 0.1875],
					"rotation": [{
						"x": 70
					}, {
						"y": 70
					}]
				},
				"thirdperson_lefthand": {
					"translation": [-0.0625, 0.125, 0.1875],
					"rotation": [{
						"x": 70
					}, {
						"y": 70
					}]
				},
				"fixed": {
					"scale": [2, 2, 2],
					"translation": [0, 0, 0],
					"rotation": [{
						"y": -90
					}]
				},
				"gui": {
					"translation": [0, 0, 0],
					"rotation": [{
						"x": 30
					}, {
						"y": 135
					}, {
						"z": 0
					}],
					"scale": [1.5, 1.5, 1.5]
				}
			}
		}],
		"type": {
			"connectors_timer": {
				"model": "immersivetech:smartmodel/conn_conn_timer"
			}
		},
		"facing": {
			"down": {},
			"up": {
				"transform": {
					"rotation": {
						"z": 180
					}
				}
			},
			"north": {
				"transform": {
					"rotation": {
						"x": 90
					}
				}
			},
			"south": {
				"transform": {
					"rotation": {
						"x": -90
					}
				}
			},
			"west": {
				"transform": {
					"rotation": [{
						"x": 0
					}, {
						"y": 180
					}, {
						"z": 90
					}]
				}
			},
			"east": {
				"transform": {
					"rotation": {
						"z": 90
					}
				}
			}
		},
		"boolean0": {
			"false": {},
			"true": {}
		},
		"boolean1": {
			"false": {},
			"true": {}
		},
		"_0multiblockslave": {
			"false": {},
			"true": {
				"model": "immersiveengineering:ie_empty"
			}
		}
	}
}