{
	"forge_marker": 1,
	"defaults": {
		"transform": "forge:default-block",
		"model": "immersivetech:metal_device/coke_oven_preheater.obj",
		"custom": {
			"flip-v": true
		},
		"textures": {
			"particle": "immersiveengineering:blocks/storage_steel"
		}
	},
	"variants": {
		"inventory,type=coke_oven_preheater": [{
			"transform": {
				"scale": [
					0.1875,
					0.1875,
					0.1875
				],
				"firstperson_righthand": {
					"scale": [
						1,
						1,
						1
					],
					"rotation": [{
						"y": 180
					}]
				},
				"firstperson_lefthand": {
					"scale": [
						1,
						1,
						1
					],
					"rotation": [{
						"y": 180
					}]
				},
				"thirdperson_righthand": {
					"translation": [
						0,
						0.09375,
						-0.171875
					],
					"rotation": [{
							"x": 70
						},
						{
							"y": 70
						}
					]
				},
				"thirdperson_lefthand": {
					"translation": [
						0,
						0.09375,
						-0.171875
					],
					"rotation": [{
							"x": 70
						},
						{
							"y": 70
						}
					]
				},
				"fixed": {
					"scale": [
						2,
						2,
						2
					],
					"translation": [
						0,
						-0.375,
						0
					],
					"rotation": [{
						"y": 0
					}]
				},
				"gui": {
					"translation": [
						0,
						0,
						0
					],
					"rotation": [{
							"x": 30
						},
						{
							"y": 50
						}
					],
					"scale": [
						1.625,
						1.625,
						1.625
					]
				}
			}
		}],
		"type": {
			"coke_oven_preheater": {}
		},
		"facing": {
			"down": {
				"transform": {
					"rotation": {
						"x": -90
					}
				}
			},
			"up": {
				"transform": {
					"rotation": {
						"x": 90
					}
				}
			},
			"north": {
				"transform": {
					"rotation": {
						"y": 90
					}
				}
			},
			"south": {
				"transform": {
					"rotation": {
						"y": -90
					}
				}
			},
			"west": {
				"transform": {
					"rotation": {
						"y": 180
					}
				}
			},
			"east": {
				"transform": {
					"rotation": {
						"y": 0
					}
				}
			}
		},
		"_0multiblockslave": {
			"false": {},
			"true": {
				"model": "immersiveengineering:ie_empty"
			}
		},
		"boolean0": {
			"false": {},
			"true": {}
		}
	}
}