{
	"forge_marker": 1,
	"defaults": {
		"transform": "forge:default-block"
	},
	"variants": {
		"inventory,type=barrel": [{
			"model": "immersivetech:metal_barrel/metal_barrel",
			"textures": {
				"0": "immersivetech:blocks/metal_barrel_side",
				"particle": "immersivetech:blocks/metal_barrel_side"
			}
		}],
		"inventory,type=barrel_open": [{
			"model": "immersivetech:metal_barrel/metal_barrel_open",
			"textures": {
				"side": "immersivetech:blocks/metal_barrel_open_side",
				"up": "immersivetech:blocks/metal_barrel_open_up",
				"down": "immersivetech:blocks/metal_barrel_open_down",
				"particle": "immersivetech:blocks/metal_barrel_open_side"
			}
		}],
		"inventory,type=barrel_steel": [{
			"model": "immersivetechnology:smartmodels/conf_sides_v_metal_barrel_barrel_steel"
		}],
		"type": {
			"barrel": {
				"model": "immersivetech:metal_barrel/metal_barrel",
				"textures": {
					"0": "immersivetech:blocks/metal_barrel_side",
					"particle": "immersivetech:blocks/metal_barrel_side"
				}
			},
			"barrel_open": {
				"model": "immersivetech:metal_barrel/metal_barrel_open",
				"textures": {
					"side": "immersivetech:blocks/metal_barrel_open_side",
					"up": "immersivetech:blocks/metal_barrel_open_up",
					"down": "immersivetech:blocks/metal_barrel_open_down",
					"particle": "immersivetech:blocks/metal_barrel_open_side"
				}
			},
			"barrel_steel": {
				"model": "immersivetechnology:smartmodels/conf_sides_v_metal_barrel_barrel_steel"
			}
		}
	}
}