{
	"forge_marker": 1,
	"defaults": {
		"transform": "forge:default-block",
		"model": "immersivetech:it_slab",
		"textures": {
			"all": "immersivetech:blocks/stone_decoration_cokebrick_reinforced",
			"bottom": "#all",
			"top": "#all",
			"side": "#all",
			"particle": "#all"
		}
	},
	"variants": {
		"inventory,type=cokebrick_reinforced": [{
			"textures": {
				"all": "immersivetech:blocks/stone_decoration_cokebrick_reinforced"
			}
		}],
		"type": {
			"cokebrick_reinforced": {
				"textures": {
					"all": "immersivetech:blocks/stone_decoration_cokebrick_reinforced"
				}
			}
		},
		"slabtype": {
			"0": {},
			"1": {
				"x": 180,
				"uvlock": true
			},
			"2": {
				"model": "cube_all"
			}
		}
	}
}