{
	"forge_marker": 1,
	"defaults": {
		"transform": "forge:default-block",
		"custom": {
			"flip-v": true
		}
	},
	"variants": {
		"inventory,type=fluid_valve": [{
			"model": "immersivetech:it_tunnel",
			"textures": {
				"side": "immersivetech:blocks/fluid_valve_side",
				"top": "immersivetech:blocks/fluid_valve_top",
				"bottom": "immersivetech:blocks/fluid_valve_bottom"
			}
		}],
		"inventory,type=load_controller": [{
			"model": "immersivetech:it_tunnel",
			"textures": {
				"side": "immersivetech:blocks/load_controller_side",
				"top": "immersivetech:blocks/load_controller_top",
				"bottom": "immersivetech:blocks/load_controller_bottom"
			}
		}],
		"inventory,type=stack_limiter": [{
			"model": "immersivetech:it_tunnel",
			"textures": {
				"side": "immersivetech:blocks/stack_limiter_side",
				"top": "immersivetech:blocks/stack_limiter_top",
				"bottom": "immersivetech:blocks/stack_limiter_bottom"
			}
		}],
		"type": {
			"fluid_valve": {
				"model": "immersivetech:it_tunnel",
				"textures": {
					"side": "immersivetech:blocks/fluid_valve_side",
					"top": "immersivetech:blocks/fluid_valve_top",
					"bottom": "immersivetech:blocks/fluid_valve_bottom"
				}
			},
			"load_controller": {
				"model": "immersivetech:it_tunnel",
				"textures": {
					"side": "immersivetech:blocks/load_controller_side",
					"top": "immersivetech:blocks/load_controller_top",
					"bottom": "immersivetech:blocks/load_controller_bottom"
				}
			},
			"stack_limiter": {
				"model": "immersivetech:it_tunnel",
				"textures": {
					"side": "immersivetech:blocks/stack_limiter_side",
					"top": "immersivetech:blocks/stack_limiter_top",
					"bottom": "immersivetech:blocks/stack_limiter_bottom"
				}
			}
		},
		"facing": {
			"north": {
				"transform": {
					"rotation": {
						"y": 0
					}
				}
			},
			"south": {
				"transform": {
					"rotation": {
						"y": 180
					}
				}
			},
			"west": {
				"transform": {
					"rotation": {
						"y": 90
					}
				}
			},
			"east": {
				"transform": {
					"rotation": {
						"y": -90
					}
				}
			},
			"up": {
				"transform": {
					"rotation": {
						"x": 90
					}
				}
			},
			"down": {
				"transform": {
					"rotation": {
						"x": -90
					}
				}
			}
		}
	}
}