{
	"forge_marker": 1,
	"defaults": {
		"transform": "forge:default-block"
	},
	"variants": {
		"inventory,type=crate": [{
			"model": "immersivetech:wooden_crate/wooden_crate",
			"textures": {
				"0": "immersivetech:blocks/wooden_crate_side",
				"particle": "immersivetech:blocks/wooden_crate_side"
			}
		}],
		"type": {
			"crate": {
				"model": "immersivetech:wooden_crate/wooden_crate",
				"textures": {
					"0": "immersivetech:blocks/wooden_crate_side",
					"particle": "immersivetech:blocks/wooden_crate_side"
				}
			}
		}
	}
}