{"uniqueName":"IT:CoolingTower","width":9,"height":10,"length":9,"master":{"x":4,"y":0,"z":0,"meta":5,"mod":"immersiveengineering","name":"metal_decoration0"},"pointsOfInterest":[{"name":"input0","position":3,"facing":3},{"name":"input1","position":5,"facing":3},{"name":"output0","position":75,"facing":2},{"name":"output1","position":77,"facing":2},{"name":"particle","position":607,"facing":2},{"name":"sound","position":121,"facing":2}],"palette":[{"mod":"immersiveengineering","name":"metal_decoration1","character":"S","meta":1},{"mod":"immersiveengineering","name":"stone_decoration","character":"C","meta":5},{"mod":"immersivetech","name":"metal_barrel","character":"B","meta":1},{"mod":"immersiveengineering","name":"metal_device1","character":"P","meta":6},{"mod":"immersiveengineering","name":"metal_device0","character":"O","meta":6},{"mod":"immersiveengineering","name":"stone_decoration","character":"H","meta":4},{"mod":"immersiveengineering","name":"metal_decoration0","character":"E","meta":5},{"mod":"immersiveengineering","name":"metal_decoration0","character":"L","meta":4}],"structure":["  SPEPS  "," SCPCPCS ","SCCPCPCCS","SCCCCCCCS","SCCPCPCCS","SCCPCPCCS","SCCPCPCCS"," SCPCPCS ","  SPSPS  ","  HHHHH  "," H     H ","H  P P  H","H  BBB  H","H  BBB  H","H  BBB  H","H       H"," H     H ","  HHHHH  ","         ","  CCCCC  "," C P P C "," C     C "," C     C "," C     C "," C     C ","  CCCCC  ","         ","         ","  CCCCC  "," CCP PCC "," C     C "," C     C "," C     C "," CC   CC ","  CCCCC  ","         ","         ","  CCCCC  "," CCP PCC "," C     C "," C     C "," C     C "," CC   CC ","  CCCCC  ","         ","         ","  CCCCC  "," CCP PCC "," C O O C "," C O O C "," C O O C "," CC   CC ","  CCCCC  ","         ","         ","  CCCCC  "," CCL LCC "," C P P C "," C P P C "," C P P C "," CC   CC ","  CCCCC  ","         ","         ","  CCCCC  "," CCSSSCC "," CSSSSSC "," CSSSSSC "," CSSSSSC "," CCSSSCC ","  CCCCC  ","         ","         ","  CCCCC  "," CC   CC "," C     C "," C     C "," C     C "," CC   CC ","  CCCCC  ","         ","  CCCCC  "," CCCCCCC ","CC     CC","CC     CC","CC     CC","CC     CC","CC     CC"," CCCCCCC ","  CCCCC  "],"AABB":[null,null,[],[],[],[],[],null,null,null,[[16,12,12,16,0,4],[16,12,12,16,12,16],[16,4,4,8,0,4],[16,4,4,8,12,16],[16,8,8,12,0,4],[16,8,8,12,12,16],[16,0,0,4,0,4],[16,0,0,4,12,16]],[],[],[],[],[],[[4,0,12,16,0,4],[4,0,12,16,12,16],[8,4,8,16,0,4],[8,4,8,16,12,16],[12,8,4,16,0,4],[12,8,4,16,12,16],[16,12,0,16,0,4],[16,12,0,16,12,16]],null,[[16,12,12,16,0,4],[16,12,12,16,12,16],[16,4,4,8,0,4],[16,4,4,8,12,16],[16,8,8,12,0,4],[16,8,8,12,12,16],[16,0,0,4,0,4],[16,0,0,4,12,16]],[[16,0,0,16,0,4],[16,0,0,16,12,16]],[[16,0,0,16,0,4],[16,0,0,16,12,16]],[[16,0,0,16,0,4],[16,0,0,16,12,16]],[[16,0,0,16,0,4],[16,0,0,16,12,16]],[[16,0,0,16,0,4],[16,0,0,16,12,16]],[[16,0,0,16,0,4],[16,0,0,16,12,16]],[[16,0,0,16,0,4],[16,0,0,16,12,16]],[[4,0,12,16,0,4],[4,0,12,16,12,16],[8,4,8,16,0,4],[8,4,8,16,12,16],[12,8,4,16,0,4],[12,8,4,16,12,16],[16,12,0,16,0,4],[16,12,0,16,12,16]],[[16,0,0,16,0,4],[8,0,0,16,4,12],[16,0,0,16,12,16]],[[16,0,0,16,0,4],[8,0,0,16,4,12],[16,0,0,16,12,16]],[[16,0,0,16,0,4],[8,0,0,16,4,12],[16,0,0,16,12,16]],[[16,0,0,16,0,4],[8,0,0,16,4,12],[16,0,0,16,12,16]],[[16,0,0,16,0,4],[8,0,0,16,4,12],[16,0,0,16,12,16]],[[16,0,0,16,0,4],[8,0,0,16,4,12],[16,0,0,16,12,16]],[[16,0,0,16,0,4],[8,0,0,16,4,12],[16,0,0,16,12,16]],[[16,0,0,16,0,4],[8,0,0,16,4,12],[16,0,0,16,12,16]],[[16,0,0,16,0,4],[8,0,0,16,4,12],[16,0,0,16,12,16]],[[16,0,0,16,0,4],[16,0,0,16,12,16]],[[16,0,0,16,0,4],[16,0,0,16,12,16]],[[16,0,0,16,0,4],[16,0,0,16,12,16]],[[16,0,0,16,0,4],[16,0,0,16,12,16]],[[16,0,0,16,0,4],[16,0,0,16,12,16]],[[16,0,0,16,0,4],[16,0,0,16,12,16]],[[16,0,0,16,0,4],[16,0,0,16,12,16]],[[16,0,0,16,0,4],[16,0,0,16,12,16]],[[16,0,0,16,0,4],[16,0,0,16,12,16]],[[16,0,0,16,0,4],[16,8,0,16,4,12],[16,0,0,16,12,16]],[[16,0,0,16,0,4],[16,8,0,16,4,12],[16,0,0,16,12,16]],[[16,0,0,16,0,4],[16,8,0,16,4,12],[16,0,0,16,12,16]],[[16,0,0,16,0,4],[16,8,0,16,4,12],[16,0,0,16,12,16]],[[16,0,0,16,0,4],[16,8,0,16,4,12],[16,0,0,16,12,16]],[[16,0,0,16,0,4],[16,8,0,16,4,12],[16,0,0,16,12,16]],[[16,0,0,16,0,4],[16,8,0,16,4,12],[16,0,0,16,12,16]],[[16,0,0,16,0,4],[16,8,0,16,4,12],[16,0,0,16,12,16]],[[16,0,0,16,0,4],[16,8,0,16,4,12],[16,0,0,16,12,16]],[[8,4,8,12,0,4],[8,4,8,12,12,16],[12,4,4,8,0,4],[12,4,4,8,12,16],[4,0,4,16,0,4],[4,0,4,16,12,16],[16,0,0,4,0,4],[16,0,0,4,12,16]],[[16,0,0,16,0,4],[16,0,0,16,12,16]],[[16,0,0,16,0,4],[16,0,0,16,12,16]],[[16,0,0,16,0,4],[16,0,0,16,12,16]],[[16,0,0,16,0,4],[16,0,0,16,12,16]],[[16,0,0,16,0,4],[16,0,0,16,12,16]],[[16,0,0,16,0,4],[16,0,0,16,12,16]],[[16,0,0,16,0,4],[16,0,0,16,12,16]],[[16,12,12,16,0,4],[16,12,12,16,12,16],[12,8,8,16,0,4],[12,8,8,16,12,16],[8,4,4,16,0,4],[8,4,4,16,12,16],[4,0,0,16,0,4],[4,0,0,16,12,16]],null,[[8,4,8,12,0,4],[8,4,8,12,12,16],[12,4,4,8,0,4],[12,4,4,8,12,16],[4,0,4,16,0,4],[4,0,4,16,12,16],[16,0,0,4,0,4],[16,0,0,4,12,16]],[],[],[],[],[],[[16,12,12,16,0,4],[16,12,12,16,12,16],[12,8,8,16,0,4],[12,8,8,16,12,16],[8,4,4,16,0,4],[8,4,4,16,12,16],[4,0,0,16,0,4],[4,0,0,16,12,16]],null,null,null,[],[],[],[],[],null,null,null,null,[[16,12,4,8,12,16],[16,12,8,12,0,12],[16,8,4,8,0,12],[16,8,0,4,0,16]],[[10,9,0,16,5,10],[16,11,0,16,15,16],[16,8,0,16,0,5],[16,10,0,16,5,15]],[[10,9,0,16,5,10],[16,11,0,16,15,16],[16,8,0,16,0,5],[16,10,0,16,5,15]],[[10,9,0,16,5,10],[16,11,0,16,15,16],[16,8,0,16,0,5],[16,10,0,16,5,15]],[[12,8,12,16,12,16],[16,12,4,8,0,8],[12,8,8,16,8,12],[16,12,8,16,12,16],[16,12,4,16,8,12],[16,8,8,16,0,8]],null,null,null,[[16,12,4,8,12,16],[8,4,0,4,0,12],[16,12,8,12,0,12],[16,8,4,8,0,12],[16,8,0,4,0,16]],null,null,null,null,null,[[12,8,12,16,12,16],[16,12,4,8,0,8],[12,8,8,16,8,12],[16,12,8,16,12,16],[16,12,4,16,8,12],[8,4,12,16,0,12],[16,8,8,16,0,8]],null,[[16,12,4,8,12,16],[8,4,0,4,0,12],[16,8,4,8,0,12],[16,8,0,4,0,16]],null,null,[],null,[],null,null,[[12,8,12,16,12,16],[16,12,8,16,12,16],[8,4,12,16,0,12],[16,8,8,16,0,12]],[[16,0,7,8,0,5],[16,0,5,6,0,15],[16,0,6,7,0,10],[16,0,0,5,0,16]],null,null,[],[],[],null,null,[[16,0,10,12,10,14],[16,0,10,16,14,16],[16,0,8,12,0,10],[16,0,12,16,0,14]],[[16,0,7,8,0,5],[16,0,5,6,0,15],[16,0,6,7,0,10],[16,0,0,5,0,16]],null,null,[],[],[],null,null,[[16,0,10,12,10,14],[16,0,10,16,14,16],[16,0,8,12,0,10],[16,0,12,16,0,14]],[[16,0,7,8,0,5],[16,0,5,6,0,15],[16,0,6,7,0,10],[16,0,0,5,0,16]],null,null,[],[],[],null,null,[[16,0,10,12,10,14],[16,0,10,16,14,16],[16,0,8,12,0,10],[16,0,12,16,0,14]],[[8,4,0,4,12,16],[4,0,4,8,12,16],[4,0,0,4,0,16],[12,4,0,4,0,12],[8,0,4,8,0,12]],null,null,null,null,null,null,null,[[8,4,12,16,12,16],[4,0,8,16,12,16],[8,0,8,12,0,12],[12,0,12,16,0,12]],null,[[8,4,0,4,12,16],[4,0,4,8,12,16],[4,0,8,12,0,12],[4,0,0,4,0,16],[12,4,0,4,0,12],[8,0,4,8,0,12]],null,null,null,null,null,[[12,8,12,16,8,12],[8,4,12,16,12,16],[4,0,4,8,0,8],[8,4,8,16,8,12],[4,0,8,16,12,16],[4,0,4,16,8,12],[8,0,8,12,0,8],[12,0,12,16,0,8]],null,null,null,[[4,0,4,8,12,16],[4,0,8,12,0,12],[8,0,4,8,0,12],[8,0,0,4,0,16]],[[5,2,0,16,15,16],[2,1,0,16,10,16],[1,0,0,16,5,16],[7,1,0,16,5,10],[6,2,0,16,10,15],[8,0,0,16,0,5]],[[5,2,0,16,15,16],[2,1,0,16,10,16],[1,0,0,16,5,16],[7,1,0,16,5,10],[6,2,0,16,10,15],[8,0,0,16,0,5]],[[5,2,0,16,15,16],[2,1,0,16,10,16],[1,0,0,16,5,16],[7,1,0,16,5,10],[6,2,0,16,10,15],[8,0,0,16,0,5]],[[8,4,12,16,12,16],[4,0,4,8,0,8],[8,4,8,16,8,12],[4,0,8,16,12,16],[4,0,4,16,8,12],[8,0,8,16,0,8]],null,null,null,null,null,null,null,null,null,null,null,null,null,[[16,4,8,12,8,16],[16,4,12,16,0,8],[16,8,12,16,8,16],[16,0,8,12,0,8],[16,0,0,8,0,16]],[],[],[],[[16,4,0,4,0,8],[16,8,0,4,8,16],[16,4,4,8,8,16],[16,0,8,16,8,16],[16,0,4,16,0,8]],null,null,null,[[16,4,8,12,8,16],[16,4,12,16,0,8],[16,8,12,16,8,16],[16,0,8,12,0,8],[16,0,0,8,0,16]],null,[],null,[],null,[[16,4,0,4,0,8],[16,8,0,4,8,16],[16,4,4,8,8,16],[16,0,8,16,8,16],[16,0,4,16,0,8]],null,null,[],null,null,null,null,null,[],null,null,[],null,null,null,null,null,[],null,null,[],null,null,null,null,null,[],null,null,[[12,0,8,12,8,16],[12,0,12,16,0,8],[8,0,12,16,8,16],[16,0,8,12,0,8],[16,0,0,8,0,16]],null,null,null,null,null,[[12,0,0,4,0,8],[8,0,0,4,8,16],[12,0,4,8,8,16],[16,0,8,16,8,16],[16,0,4,16,0,8]],null,null,null,[[12,0,8,12,8,16],[12,0,12,16,0,8],[8,0,12,16,8,16],[16,0,8,12,0,8],[16,0,0,8,0,16]],[],[],[],[[12,0,0,4,0,8],[8,0,0,4,8,16],[12,0,4,8,8,16],[16,0,8,16,8,16],[16,0,4,16,0,8]],null,null,null,null,null,null,null,null,null,null,null,null,null,null,null,null,null,null,null,null,null,null,[[16,12,12,16,8,16],[16,4,4,8,8,16],[16,4,8,12,0,8],[16,8,8,12,8,16],[16,8,12,16,0,8],[16,0,4,8,0,8],[16,0,0,4,0,16]],[[16,1,15,16,14,15],[16,1,0,16,15,16],[16,0,0,15,14,15],[16,0,0,16,0,14]],[[16,1,0,16,15,16],[16,0,0,16,0,15]],[[16,1,0,1,14,16],[16,1,1,16,15,16],[16,0,1,16,14,15],[16,0,0,16,0,14]],[[16,12,0,4,8,16],[16,8,0,4,0,8],[16,4,4,8,0,8],[16,8,4,8,8,16],[16,4,8,12,8,16],[16,0,12,16,8,16],[16,0,8,16,0,8]],null,null,null,[[16,12,12,16,8,16],[16,4,4,8,8,16],[16,4,8,12,0,8],[16,8,8,12,8,16],[16,8,12,16,0,8],[16,0,4,8,0,8],[16,0,0,4,0,16]],[[16,1,15,16,14,16],[16,0,15,16,0,14],[16,0,0,15,0,16]],[],null,[],[[16,1,0,1,14,16],[16,0,1,16,14,16],[16,0,0,16,0,14]],[[16,12,0,4,8,16],[16,8,0,4,0,8],[16,4,4,8,0,8],[16,8,4,8,8,16],[16,4,8,12,8,16],[16,0,12,16,8,16],[16,0,8,16,0,8]],null,null,[[16,1,15,16,14,15],[16,0,15,16,0,14],[16,0,0,15,0,16]],null,null,null,null,null,[[1,0,1,2,14,16],[1,0,2,16,15,16],[16,1,0,2,14,15],[16,1,1,16,15,16],[16,0,2,16,14,15],[16,0,0,16,0,14]],null,null,[[16,0,15,16,0,15],[16,0,0,15,0,16]],null,null,null,null,null,[[16,0,1,16,15,16],[16,0,0,16,0,15]],null,null,[[15,0,15,16,14,15],[16,0,15,16,0,14],[16,0,0,15,0,16]],null,null,null,null,null,[[1,0,0,2,14,15],[15,1,0,1,14,15],[1,0,1,16,15,16],[16,1,1,2,14,16],[16,1,2,16,15,16],[16,0,2,16,14,15],[16,0,0,16,0,14]],null,null,[[4,0,12,16,8,16],[12,0,4,8,8,16],[12,0,8,12,0,8],[8,0,8,12,8,16],[8,0,12,16,0,8],[16,0,4,8,0,8],[16,0,0,4,0,16]],[[15,0,15,16,14,16],[16,0,15,16,0,14],[16,0,0,15,0,16]],null,null,null,[[15,0,0,1,14,16],[16,0,1,16,14,16],[16,0,0,16,0,14]],[[4,0,0,4,8,16],[8,0,0,4,0,8],[12,0,4,8,0,8],[8,0,4,8,8,16],[12,0,8,12,8,16],[16,0,12,16,8,16],[16,0,8,16,0,8]],null,null,null,[[4,0,12,16,8,16],[12,0,4,8,8,16],[12,0,8,12,0,8],[8,0,8,12,8,16],[8,0,12,16,0,8],[16,0,4,8,0,8],[16,0,0,4,0,16]],[[15,0,15,16,14,15],[15,0,0,16,15,16],[16,0,0,15,14,15],[16,0,0,16,0,14]],[[15,0,0,16,15,16],[16,0,0,16,0,15]],[[15,0,0,1,14,16],[15,0,1,16,15,16],[16,0,1,16,14,15],[16,0,0,16,0,14]],[[4,0,0,4,8,16],[8,0,0,4,0,8],[12,0,4,8,0,8],[8,0,4,8,8,16],[12,0,8,12,8,16],[16,0,12,16,8,16],[16,0,8,16,0,8]],null,null,null,null,null,null,null,null,null,null,null,null,null,null,null,null,null,null,null,null,null,null,[[16,12,8,12,8,16],[16,12,12,16,0,8],[16,4,0,4,8,16],[16,4,4,8,0,8],[16,8,4,8,8,16],[16,8,8,12,0,8],[16,0,0,4,0,8]],[[4,2,14,16,4,14],[4,2,0,14,4,16],[16,0,0,16,0,4],[16,4,0,16,4,16]],[[2,1,0,16,0,4],[4,3,0,16,10,16],[4,2,0,16,0,10],[16,4,0,16,0,16]],[[4,2,2,16,14,16],[4,2,0,16,4,14],[16,0,0,16,0,4],[16,4,0,16,4,16]],[[16,12,0,4,0,8],[16,12,4,8,8,16],[16,8,4,8,0,8],[16,4,8,12,0,8],[16,8,8,12,8,16],[16,4,12,16,8,16],[16,0,12,16,0,8]],null,null,null,[[16,12,8,12,8,16],[16,12,12,16,0,8],[16,4,0,4,8,16],[16,4,4,8,0,8],[16,8,4,8,8,16],[16,8,8,12,0,8],[16,0,0,4,0,8]],[[16,2,12,14,14,16],[4,2,14,16,6,14],[16,0,14,16,0,6],[16,4,14,16,6,16],[16,0,12,14,0,14],[16,0,0,12,0,16]],[],null,[],[[2,0,4,16,14,16],[4,2,2,16,14,16],[16,2,0,2,6,14],[16,0,0,4,0,6],[16,4,0,16,14,16],[16,0,2,4,6,14],[16,0,4,16,0,14]],[[16,12,0,4,0,8],[16,12,4,8,8,16],[16,8,4,8,0,8],[16,4,8,12,0,8],[16,8,8,12,8,16],[16,4,12,16,8,16],[16,0,12,16,0,8]],null,null,[[16,2,12,14,14,16],[16,0,14,16,0,4],[16,0,12,14,0,14],[16,0,0,12,0,16]],null,null,null,null,null,[[2,0,4,16,14,16],[16,2,2,16,14,16],[16,0,0,4,0,4],[16,0,2,4,4,12],[16,0,2,16,12,14],[16,0,4,16,0,12]],null,null,[[16,0,14,15,0,4],[16,0,13,14,0,10],[16,0,0,13,0,16]],null,null,null,null,null,[[16,0,3,4,10,14],[16,0,2,4,4,10],[16,0,4,5,4,12],[16,0,1,5,0,4],[16,0,3,16,14,16],[16,0,4,16,12,14],[16,0,5,16,0,12]],null,null,[[14,0,12,14,14,16],[16,0,14,16,0,4],[16,0,12,14,0,14],[16,0,0,12,0,16]],null,null,null,null,null,[[14,2,2,4,14,16],[2,0,2,16,14,16],[16,2,4,16,14,16],[16,0,0,4,0,4],[16,0,2,4,4,12],[16,0,2,16,12,14],[16,0,4,16,0,12]],null,null,[[4,0,8,12,8,16],[4,0,12,16,0,8],[12,0,0,4,8,16],[12,0,4,8,0,8],[8,0,4,8,8,16],[8,0,8,12,0,8],[16,0,0,4,0,8]],[[2,0,12,16,14,16],[14,2,12,14,14,16],[12,2,14,16,14,16],[16,0,14,16,0,6],[14,0,14,16,6,14],[16,0,12,14,0,14],[16,0,0,12,0,16]],null,null,null,[[12,0,0,2,14,16],[14,2,2,4,14,16],[2,0,2,16,14,16],[14,0,0,2,6,14],[16,2,4,16,14,16],[16,0,0,4,0,6],[16,0,2,4,6,14],[16,0,4,16,0,14]],[[4,0,0,4,0,8],[4,0,4,8,8,16],[8,0,4,8,0,8],[12,0,8,12,0,8],[8,0,8,12,8,16],[12,0,12,16,8,16],[16,0,12,16,0,8]],null,null,null,[[4,0,8,12,8,16],[4,0,12,16,0,8],[12,0,0,4,8,16],[12,0,4,8,0,8],[8,0,4,8,8,16],[8,0,8,12,0,8],[16,0,0,4,0,8]],[[12,2,14,16,14,16],[14,2,14,16,4,14],[2,0,0,16,4,16],[14,2,0,14,4,16],[16,0,0,16,0,4]],[[15,0,0,16,0,4],[14,0,0,16,4,10],[13,0,0,16,10,16]],[[12,4,0,2,14,16],[4,2,0,16,14,16],[14,4,2,16,14,16],[2,0,0,16,4,16],[16,0,0,16,0,4],[14,2,0,16,4,14]],[[4,0,0,4,0,8],[4,0,4,8,8,16],[8,0,4,8,0,8],[12,0,8,12,0,8],[8,0,8,12,8,16],[12,0,12,16,8,16],[16,0,12,16,0,8]],null,null,null,null,null,null,null,null,null,null,null,null,null,null,null,null,null,null,null,null,null,null,[[16,12,4,8,8,16],[16,12,8,12,0,8],[16,4,0,4,0,8],[16,8,0,4,8,16],[16,8,4,8,0,8]],[[8,4,14,16,0,6],[8,6,14,16,6,16],[8,6,0,14,12,16],[8,4,0,14,0,12],[16,8,0,16,0,16]],[[6,5,0,16,6,12],[8,4,0,16,0,6],[8,6,0,16,6,16],[16,8,0,16,0,16]],[[8,6,0,2,6,14],[8,4,2,4,6,10],[8,6,2,16,12,14],[8,4,0,4,0,6],[8,6,0,16,14,16],[8,4,2,16,10,12],[8,4,4,16,0,10],[16,8,0,16,0,16]],[[16,12,4,8,0,8],[16,12,8,12,8,16],[16,8,8,12,0,8],[16,4,12,16,0,8],[16,8,12,16,8,16]],null,null,null,[[16,12,4,8,8,16],[16,12,8,12,0,8],[16,4,0,4,0,8],[16,8,0,4,8,16],[16,8,4,8,0,8]],[[16,4,12,16,8,16],[16,0,12,16,0,8],[16,0,0,12,0,16]],[],null,[],[[16,4,0,4,8,16],[16,0,4,16,8,16],[16,0,0,16,0,8]],[[16,12,4,8,0,8],[16,12,8,12,8,16],[16,8,8,12,0,8],[16,4,12,16,0,8],[16,8,12,16,8,16]],null,null,[[16,2,10,12,6,12],[16,0,10,12,0,6],[16,0,0,10,0,16]],null,[],null,[],null,[[16,0,4,16,0,16]],null,null,[[16,0,11,12,0,6],[16,0,10,11,0,12],[16,0,0,10,0,16]],null,[],null,[],null,[[16,0,5,6,6,10],[16,0,5,7,10,12],[16,0,6,7,12,16],[16,0,7,8,10,14],[16,0,4,6,0,6],[16,0,6,8,0,10],[16,0,7,16,14,16],[16,0,8,16,0,14]],null,null,[[14,0,10,12,6,12],[16,0,10,12,0,6],[16,0,0,10,0,16]],null,[],null,[],null,[[16,0,4,16,0,16]],null,null,[[4,0,4,8,8,16],[4,0,8,12,0,8],[12,0,0,4,0,8],[8,0,0,4,8,16],[8,0,4,8,0,8]],[[12,0,12,16,8,16],[16,0,12,16,0,8],[16,0,0,12,0,16]],null,null,null,[[12,0,0,4,8,16],[16,0,4,16,8,16],[16,0,0,16,0,8]],[[4,0,4,8,0,8],[4,0,8,12,8,16],[8,0,8,12,0,8],[12,0,12,16,0,8],[8,0,12,16,8,16]],null,null,null,[[4,0,4,8,8,16],[4,0,8,12,0,8],[12,0,0,4,0,8],[8,0,0,4,8,16],[8,0,4,8,0,8]],[[12,0,14,16,0,6],[10,0,14,16,6,16],[10,0,0,14,12,16],[12,0,0,14,0,12]],[[12,0,0,16,0,6],[11,0,0,16,6,12],[10,0,0,16,12,16]],[[12,0,2,4,6,10],[12,0,0,4,0,6],[10,0,0,2,6,14],[12,0,2,16,10,12],[10,0,2,16,12,14],[10,0,0,16,14,16],[12,0,4,16,0,10]],[[4,0,4,8,0,8],[4,0,8,12,8,16],[8,0,8,12,0,8],[12,0,12,16,0,8],[8,0,12,16,8,16]],null,null,null,null,null,null,null,null,null,null,null,null,null,null,null,null,null,null,null,null,null,null,[[16,14,2,4,8,16],[16,14,4,6,0,8],[16,10,0,2,0,8],[16,12,0,2,8,16],[16,12,2,4,0,8]],[[16,10,14,16,8,16],[8,6,0,14,0,8],[16,8,14,16,0,8],[16,8,0,14,0,16]],[[8,6,0,16,0,2],[8,7,0,16,2,8],[16,9,0,16,14,16],[16,8,0,16,0,14]],[[16,10,0,2,8,16],[8,6,2,16,0,8],[16,8,2,16,8,16],[16,8,0,16,0,8]],[[16,14,10,12,0,8],[16,14,12,14,8,16],[16,12,12,14,0,8],[16,10,14,16,0,8],[16,12,14,16,8,16]],null,null,null,[[16,14,2,4,8,16],[16,14,4,6,0,8],[16,10,0,2,0,8],[16,12,0,2,8,16],[16,12,2,4,0,8]],[[16,4,8,12,8,16],[16,4,12,16,0,8],[16,8,12,16,8,16],[16,0,8,12,0,8],[16,0,0,8,0,16]],[],null,[],[[16,4,0,4,0,8],[16,8,0,4,8,16],[16,4,4,8,8,16],[16,0,8,16,8,16],[16,0,4,16,0,8]],[[16,14,10,12,0,8],[16,14,12,14,8,16],[16,12,12,14,0,8],[16,10,14,16,0,8],[16,12,14,16,8,16]],null,null,[[16,2,6,8,8,16],[16,2,8,10,0,8],[16,0,6,8,0,8],[16,0,0,6,0,16]],null,[],null,[],null,[[16,2,6,8,0,8],[16,2,8,10,8,16],[16,0,10,16,8,16],[16,0,8,16,0,8]],null,null,[[16,0,9,10,0,2],[16,0,7,8,0,14],[16,0,8,9,0,8],[16,0,0,7,0,16]],null,[],null,[],null,[[16,0,6,16,0,8],[16,0,8,16,8,16]],null,null,[[14,0,6,8,8,16],[14,0,8,10,0,8],[16,0,6,8,0,8],[16,0,0,6,0,16]],null,[],null,[],null,[[14,0,6,8,0,8],[14,0,8,10,8,16],[16,0,10,16,8,16],[16,0,8,16,0,8]],null,null,[[2,0,2,4,8,16],[2,0,4,6,0,8],[6,0,0,2,0,8],[4,0,0,2,8,16],[4,0,2,4,0,8]],[[12,0,8,12,8,16],[12,0,12,16,0,8],[8,0,12,16,8,16],[16,0,8,12,0,8],[16,0,0,8,0,16]],null,null,null,[[12,0,0,4,0,8],[8,0,0,4,8,16],[12,0,4,8,8,16],[16,0,8,16,8,16],[16,0,4,16,0,8]],[[2,0,10,12,0,8],[2,0,12,14,8,16],[4,0,12,14,0,8],[6,0,14,16,0,8],[4,0,14,16,8,16]],null,null,null,[[2,0,2,4,8,16],[2,0,4,6,0,8],[6,0,0,2,0,8],[4,0,0,2,8,16],[4,0,2,4,0,8]],[[6,0,14,16,8,16],[8,0,14,16,0,8],[10,0,0,14,0,8],[8,0,0,14,8,16]],[[7,0,0,16,14,16],[10,0,0,16,0,2],[9,0,0,16,2,8],[8,0,0,16,8,14]],[[6,0,0,2,8,16],[8,0,0,2,0,8],[10,0,2,16,0,8],[8,0,2,16,8,16]],[[2,0,10,12,0,8],[2,0,12,14,8,16],[4,0,12,14,0,8],[6,0,14,16,0,8],[4,0,14,16,8,16]],null,null,null,null,null,null,null,null,null,null,null,null,null,null,null,null,null,null,null,null,null,null,[[16,14,2,4,0,8],[16,14,4,6,8,16],[16,12,0,2,0,8],[16,10,0,2,8,16],[16,12,2,4,8,16]],[[16,10,14,16,0,8],[8,6,0,14,8,16],[16,8,14,16,8,16],[16,8,0,14,0,16]],[[8,7,0,16,8,14],[16,9,0,16,0,2],[16,6,0,16,14,16],[16,8,0,16,2,14]],[[16,10,0,2,0,8],[8,6,2,16,8,16],[16,8,2,16,0,8],[16,8,0,16,8,16]],[[16,14,10,12,8,16],[16,14,12,14,0,8],[16,12,12,14,8,16],[16,12,14,16,0,8],[16,10,14,16,8,16]],null,null,null,[[16,14,2,4,0,8],[16,14,4,6,8,16],[16,12,0,2,0,8],[16,10,0,2,8,16],[16,12,2,4,8,16]],[[16,4,8,12,0,8],[16,8,12,16,0,8],[16,4,12,16,8,16],[16,0,8,12,8,16],[16,0,0,8,0,16]],[],[],[],[[16,8,0,4,0,8],[16,4,0,4,8,16],[16,4,4,8,0,8],[16,0,8,16,0,8],[16,0,4,16,8,16]],[[16,14,10,12,8,16],[16,14,12,14,0,8],[16,12,12,14,8,16],[16,12,14,16,0,8],[16,10,14,16,8,16]],null,null,[[16,2,6,8,0,8],[16,2,8,10,8,16],[16,0,6,8,8,16],[16,0,0,6,0,16]],[],[],[],[],[],[[16,2,6,8,8,16],[16,2,8,10,0,8],[16,0,10,16,0,8],[16,0,8,16,8,16]],null,null,[[16,0,8,9,8,14],[16,0,7,10,14,16],[16,0,7,8,2,14],[16,0,0,7,0,16]],[],[],[],[],[],[[16,0,7,8,8,12],[16,0,8,9,2,10],[16,0,6,16,14,16],[16,0,7,16,12,14],[16,0,8,16,10,12],[16,0,9,16,0,10]],null,null,[[14,0,6,8,0,8],[14,0,8,10,8,16],[16,0,6,8,8,16],[16,0,0,6,0,16]],[],[],[],[],[],[[14,0,6,8,8,16],[14,0,8,10,0,8],[16,0,10,16,0,8],[16,0,8,16,8,16]],null,null,[[2,0,2,4,0,8],[2,0,4,6,8,16],[4,0,0,2,0,8],[6,0,0,2,8,16],[4,0,2,4,8,16]],[[12,0,8,12,0,8],[8,0,12,16,0,8],[12,0,12,16,8,16],[16,0,8,12,8,16],[16,0,0,8,0,16]],[],[],[],[[8,0,0,4,0,8],[12,0,0,4,8,16],[12,0,4,8,0,8],[16,0,8,16,0,8],[16,0,4,16,8,16]],[[2,0,10,12,8,16],[2,0,12,14,0,8],[4,0,12,14,8,16],[4,0,14,16,0,8],[6,0,14,16,8,16]],null,null,null,[[2,0,2,4,0,8],[2,0,4,6,8,16],[4,0,0,2,0,8],[6,0,0,2,8,16],[4,0,2,4,8,16]],[[6,0,14,16,0,8],[8,0,14,16,8,16],[8,0,0,14,0,8],[10,0,0,14,8,16]],[[7,0,0,16,0,2],[10,0,0,16,14,16],[8,0,0,16,2,8],[9,0,0,16,8,14]],[[6,0,0,2,0,8],[8,0,0,2,8,16],[8,0,2,16,0,8],[10,0,2,16,8,16]],[[2,0,10,12,8,16],[2,0,12,14,0,8],[4,0,12,14,8,16],[4,0,14,16,0,8],[6,0,14,16,8,16]],null,null,null,null,null,null,null,null,null,null,null,null,null,null,null,null,null,null,null,null,null,null,[[16,12,4,8,0,8],[16,12,8,12,8,16],[16,8,0,4,0,8],[16,4,0,4,8,16],[16,8,4,8,8,16]],[[16,8,12,16,0,4],[8,4,12,16,0,12],[12,8,12,16,4,16],[8,4,0,16,12,16],[12,4,0,12,0,4],[8,4,0,12,4,12]],[[9,7,0,16,0,1],[7,5,0,16,4,5],[6,5,0,16,13,16],[7,6,0,16,0,4],[8,7,0,16,1,5],[8,5,0,16,5,7],[5,4,0,16,10,16],[7,5,0,16,7,13]],[[16,8,0,4,0,4],[12,8,0,4,4,16],[8,4,0,4,0,16],[12,4,4,16,0,4],[8,4,4,16,4,16]],[[16,12,4,8,8,16],[16,12,8,12,0,8],[16,8,8,12,8,16],[16,8,12,16,0,8],[16,4,12,16,8,16]],null,null,null,[[16,12,4,8,0,8],[16,12,8,12,8,16],[16,8,0,4,0,8],[16,4,0,4,8,16],[16,8,4,8,8,16]],[[8,0,0,8,0,16],[16,0,8,16,0,16]],null,null,null,[[8,0,8,16,0,16],[16,0,0,8,0,16]],[[16,12,4,8,8,16],[16,12,8,12,0,8],[16,8,8,12,8,16],[16,8,12,16,0,8],[16,4,12,16,8,16]],null,null,[[4,0,0,8,0,4],[4,0,4,8,4,12],[4,0,4,12,12,16],[4,0,8,12,0,12],[16,4,4,12,0,4],[16,4,8,12,4,16]],null,null,null,null,null,[[4,0,12,16,0,4],[4,0,8,12,4,16],[16,0,8,12,0,4],[16,0,4,8,0,16]],null,null,[[16,0,7,9,0,1],[16,0,10,11,13,15],[16,0,10,12,15,16],[16,0,8,9,1,7],[16,0,10,11,4,8],[16,0,11,12,10,15],[16,0,9,10,0,8],[16,0,9,11,8,13]],null,null,null,null,null,[[16,0,8,9,0,1],[16,0,4,5,10,14],[16,0,4,6,14,16],[16,0,7,8,0,7],[16,0,5,6,4,14],[16,0,6,7,0,13]],null,null,[[8,0,8,16,8,16],[16,8,0,16,8,16],[16,0,0,16,0,8]],null,null,null,null,null,[[16,12,12,16,0,4],[16,12,8,12,4,16],[16,0,8,12,0,4],[16,0,4,8,0,16]],null,null,[[4,0,4,8,0,8],[4,0,8,12,8,16],[8,0,0,4,0,8],[12,0,0,4,8,16],[8,0,4,8,8,16]],[[16,8,0,8,0,16],[16,0,8,16,0,16]],null,null,null,[[16,12,12,16,0,4],[12,0,0,4,0,4],[12,4,0,4,4,8],[16,4,4,8,0,4],[16,8,8,12,0,4],[16,12,8,12,4,16],[16,4,0,4,8,16],[16,8,4,8,4,16]],[[4,0,4,8,8,16],[4,0,8,12,0,8],[8,0,8,12,8,16],[8,0,12,16,0,8],[12,0,12,16,8,16]],null,null,null,[[4,0,4,8,0,8],[4,0,8,12,8,16],[8,0,0,4,0,8],[12,0,0,4,8,16],[8,0,4,8,8,16]],[[8,4,12,16,12,16],[12,0,12,16,0,4],[12,8,0,16,12,16],[12,4,0,12,0,4],[12,8,0,12,4,12],[12,4,12,16,4,12]],[[8,7,0,16,0,1],[9,8,0,16,4,7],[10,9,0,16,10,13],[10,8,0,16,0,4],[11,9,0,16,4,10],[12,10,0,16,10,16]],[[12,0,0,4,0,4],[12,4,0,4,4,16],[12,4,4,16,0,4],[12,8,4,16,4,16]],[[4,0,4,8,8,16],[4,0,8,12,0,8],[8,0,8,12,8,16],[8,0,12,16,0,8],[12,0,12,16,8,16]],null,null,null,null,null,null,null,null,null,null,null,null,null,[[16,15,3,4,8,16],[16,13,1,2,8,16],[16,14,2,3,8,16],[16,12,0,1,8,16]],[[16,12,0,16,8,16]],[[16,12,0,16,8,16]],[[16,12,0,16,8,16]],[[16,15,12,13,8,16],[16,14,13,14,8,16],[16,13,14,15,8,16],[16,12,15,16,8,16]],null,null,null,[[16,15,3,4,8,16],[16,13,1,2,8,16],[16,14,2,3,8,16],[16,12,0,1,8,16]],[[8,0,8,16,8,16],[16,8,8,16,0,16],[16,0,0,8,0,16]],[[12,4,12,16,0,4],[4,0,12,16,0,12],[8,4,12,16,4,16],[4,0,0,16,12,16],[8,0,0,12,0,12]],[[4,2,0,16,6,7],[3,0,0,16,15,16],[6,4,0,16,0,3],[5,4,0,16,3,7],[4,3,0,16,0,6],[5,2,0,16,7,9],[4,2,0,16,9,15],[2,0,0,16,8,15]],[[12,4,0,4,0,4],[8,4,0,4,4,16],[4,0,4,16,12,16],[4,0,0,4,0,16],[8,0,4,16,0,12]],[[16,8,8,16,8,16],[16,8,0,8,0,16],[8,0,0,16,8,16],[16,0,8,16,0,8]],[[16,15,12,13,8,16],[16,14,13,14,8,16],[16,13,14,15,8,16],[16,12,15,16,8,16]],null,[[16,15,3,4,8,16],[16,13,1,2,8,16],[16,14,2,3,8,16],[16,12,0,1,8,16]],[[8,0,8,16,8,16],[16,8,8,16,0,16],[16,0,0,8,0,16]],null,null,null,null,null,[[16,8,8,16,8,16],[16,8,0,8,0,16],[8,0,0,16,8,16],[16,0,8,16,0,8]],[[16,15,12,13,8,16],[16,14,13,14,8,16],[16,13,14,15,8,16],[16,12,15,16,8,16]],[[16,0,0,4,8,16]],[[4,0,12,16,8,12],[4,0,4,12,0,4],[4,0,8,12,4,12],[4,0,8,16,12,16],[16,4,12,16,12,16],[16,4,8,12,0,8],[16,4,8,16,8,12],[16,0,12,16,0,8]],null,null,null,null,null,[[4,0,4,8,12,16],[4,0,8,12,0,4],[16,0,4,8,0,12],[16,0,0,4,0,16]],[[16,0,12,16,8,16]],[[16,0,0,4,8,16]],[[16,0,13,16,15,16],[16,0,10,12,0,3],[16,0,11,12,3,9],[16,0,13,14,6,10],[16,0,14,16,8,10],[16,0,13,16,10,12],[16,0,12,13,0,12],[16,0,12,16,12,15]],null,null,null,null,null,[[16,0,5,6,0,3],[16,0,2,3,6,16],[16,0,3,4,0,15],[16,0,4,5,0,9],[16,0,0,2,8,16]],[[16,0,12,16,8,16]],[[16,0,0,4,8,16]],[[16,8,8,16,8,16],[16,8,0,16,0,8],[8,0,8,16,0,16]],null,null,null,null,null,[[16,12,4,8,12,16],[16,12,8,12,0,4],[16,0,4,8,0,12],[16,0,0,4,0,16]],[[16,0,12,16,8,16]],[[1,0,3,4,8,16],[3,0,1,2,8,16],[2,0,2,3,8,16],[4,0,0,1,8,16]],[[16,8,8,16,8,16],[8,0,8,16,0,16],[16,0,0,8,0,16]],null,null,null,null,null,[[12,0,12,16,0,4],[12,4,12,16,4,8],[8,0,0,4,8,16],[4,0,4,8,0,16],[12,4,4,8,8,16],[8,0,8,12,0,8],[16,4,12,16,8,16],[16,0,8,12,8,16]],[[1,0,12,13,8,16],[2,0,13,14,8,16],[3,0,14,15,8,16],[4,0,15,16,8,16]],null,[[1,0,3,4,8,16],[3,0,1,2,8,16],[2,0,2,3,8,16],[4,0,0,1,8,16]],[[16,8,8,16,8,16],[8,0,8,16,0,16],[16,0,0,8,0,16]],[[12,8,12,16,12,16],[16,4,12,16,0,4],[16,8,12,16,4,8],[16,12,0,16,12,16],[16,8,0,16,8,12],[16,8,0,12,0,8]],[[11,10,0,16,0,3],[12,11,0,16,6,9],[16,13,0,16,15,16],[14,12,0,16,6,8],[13,11,0,16,0,6],[16,12,0,16,8,15]],[[16,4,0,4,0,4],[16,12,4,16,12,16],[16,8,0,4,4,16],[16,8,4,16,0,12]],[[12,0,12,16,0,4],[12,4,12,16,4,8],[8,0,0,4,8,16],[4,0,4,8,0,16],[12,4,4,8,8,16],[8,0,8,12,0,8],[16,4,12,16,8,16],[16,0,8,12,8,16]],[[1,0,12,13,8,16],[2,0,13,14,8,16],[3,0,14,15,8,16],[4,0,15,16,8,16]],null,null,null,[[1,0,3,4,8,16],[3,0,1,2,8,16],[2,0,2,3,8,16],[4,0,0,1,8,16]],[[4,0,0,16,8,16]],[[4,0,0,16,8,16]],[[4,0,0,16,8,16]],[[1,0,12,13,8,16],[2,0,13,14,8,16],[3,0,14,15,8,16],[4,0,15,16,8,16]],null,null]}