{
    "recipes": {
        "rollingmachine": "zmaster587.advancedRocketry.recipe.RecipeRollingMachine",
        "precisionassembler": "zmaster587.advancedRocketry.recipe.RecipePrecisionAssembler",
        "electricarcfurnace": "zmaster587.advancedRocketry.recipe.RecipeElectricArcFurnace",
        "cuttingmachine": "zmaster587.advancedRocketry.recipe.RecipeCuttingMachine",
        "chemicalreactor": "zmaster587.advancedRocketry.recipe.RecipeChemicalReactor",
        "electrolyser": "zmaster587.advancedRocketry.recipe.RecipeElectrolyser",
        "crystallizer": "zmaster587.advancedRocketry.recipe.RecipeCrystallizer"
    }
}
