{
    "type": "minecraft:crafting_shaped",
    "pattern":
    [
	"bgb",
	"pcp",
	"msm"
    ],
    "key":
    {
	"b":
        {
	    "item": "libvulpes:battery",
	    "data": 1
        },
	"s":
        {
	    "item": "advancedrocketry:misc",
	    "data": 0
        },
	"g":
        {
	    "item": "advancedrocketry:structuretower"
        },
	"c":
        {
	    "item": "libvulpes:advstructuremachine"
        },
	"p":
        {
	    "type": "forge:ore_dict",
            "ore": "plateTitaniumAluminide"
        },
	"m":
        {
	    "type": "forge:ore_dict",
            "ore": "blockMotor"
        }
    },
    "result":
    {
        "item": "advancedrocketry:blackholegenerator",
        "count": 1
    }
}
