{
    "type": "minecraft:crafting_shaped",
    "pattern":
    [
	"ada",
	"ecf",
	"bgb"
    ],
    "key":
    {
        "a":
        {
            "item": "minecraft:quartz"
        },
        "d":
        {
            "item": "advancedrocketry:misc",
            "data": 0
        },
	"e":
        {
            "item": "advancedrocketry:ic",
            "data": 4
        },
	"c":
        {
            "item": "libvulpes:structuremachine"
        },
	"f":
        {
            "item": "advancedrocketry:ic",
            "data": 3
        },
	"b":
        {
            "item": "minecraft:repeater"
        },
	"g":
        {
	    "type": "forge:ore_dict",
            "ore": "plateSteel"
        }
    },
    "result":
    {
        "item": "advancedrocketry:crystallizer",
        "count": 1
    }
}
