{
    "type": "minecraft:crafting_shaped",
    "pattern":
    [
	"bib",
	"csc",
	"e e"
    ],
    "key":
    {
	"i":
        {
	    "item": "advancedrocketry:misc",
	    "data": 0
        },
	"b":
        {
	    "item": "libvulpes:battery",
	    "data": 1
        },
	"e":
        {
	    "item": "advancedrocketry:rocketmotor"
        },
	"c":
        {
	    "type": "forge:ore_dict",
            "ore": "gemDilithium"
        },
	"s":
        {
	    "item": "advancedrocketry:structuretower"
        }
    },
    "result":
    {
        "item": "advancedrocketry:hovercraft",
        "count": 1
    }
}
