{
    "type": "minecraft:crafting_shaped",
    "pattern":
    [
	" pt",
	"imp",
	"di "
    ],
    "key":
    {
	"d":
        {
	    "type": "forge:ore_dict",
            "ore": "gemDiamond"
        },
	"t":
        {
	    "type": "forge:ore_dict",
            "ore": "rodTitanium"
        },
	"i":
        {
	    "type": "forge:ore_dict",
            "ore": "rodIron"
        },
	"p":
        {
	    "type": "forge:ore_dict",
            "ore": "plateAluminum"
        },
	"m":
        {
	    "type": "forge:ore_dict",
            "ore": "blockMotor"
        }
    },
    "result":
    {
        "item": "advancedrocketry:jackhammer",
        "count": 1
    }
}
