{
    "type": "minecraft:crafting_shapeless",
    "ingredients":
    [
        {
	    "item": "advancedrocketry:satellitepowersource",
	    "data": 0
        },
        {
	    "item": "advancedrocketry:satellitepowersource",
	    "data": 0
        },        
        {
	    "item": "advancedrocketry:satellitepowersource",
	    "data": 0
        },
	{
	    "item": "advancedrocketry:satellitepowersource",
	    "data": 0
        },
        {
	    "item": "advancedrocketry:satellitepowersource",
	    "data": 0
        },        
        {
	    "item": "advancedrocketry:satellitepowersource",
	    "data": 0
        }
    ],
    "result":
    {
        "item": "advancedrocketry:satellitepowersource",
        "count": 1,
        "data": 1
    }
}
