{
    "type": "minecraft:crafting_shaped",
    "pattern":
    [
	"rsr",
	"abc",
	"pgp"
    ],
    "key":
    {
        "r":
        {
	    "type": "forge:ore_dict",
            "ore": "stickIron"
        },
        "s":
        {
            "item": "advancedrocketry:misc",
            "data": 0
        },
	"a":
        {
            "item": "advancedrocketry:ic",
            "data": 4
        },
	"b":
        {
            "item": "libvulpes:structuremachine"
        },
	"c":
        {
            "item": "advancedrocketry:ic",
            "data": 3
        },
	"g":
        {
	    "type": "forge:ore_dict",
            "ore": "gearSteel"
        },
	"p":
        {
	    "type": "forge:ore_dict",
            "ore": "plateSteel"
        }
    },
    "result":
    {
        "item": "advancedrocketry:lathe",
        "count": 1
    }
}
