{
    "type": "minecraft:crafting_shaped",
    "pattern":
    [
	"gug",
	" b ",
	"rrr"
    ],
    "key":
    {
        "g":
        {
	    "type": "forge:ore_dict",
            "ore": "paneGlass"
        },
        "u":
        {
            "item": "advancedrocketry:misc",
            "data": 0
        },
	"b":
        {
            "item": "libvulpes:structuremachine"
        },
	"r":
        {
	    "type": "forge:ore_dict",
            "ore": "rodIron"
        }
    },
    "result":
    {
        "item": "advancedrocketry:observatory",
        "count": 1
    }
}
