{
    "type": "minecraft:crafting_shaped",
    "pattern":
    [
	"ppp",
	" g ",
	" l "
    ],
    "key":
    {
        "g":
        {
            "type": "forge:ore_dict",
            "ore": "dustGlowstone"
        },
	"l":
        {
            "type": "forge:ore_dict",
            "ore": "plateGold"
        },
	"p":
        {
            "type": "forge:ore_dict",
            "ore": "paneGlass"
        }
    },
    "result":
    {
        "item": "advancedrocketry:satelliteprimaryfunction",
        "data": 0,
        "count": 1
    }
}
