{
    "type": "minecraft:crafting_shaped",
    "pattern":
    [
	"bfb",
	"bmb",
	"btb"
    ],
    "key":
    {
        "f":
        {
            "type": "forge:ore_dict",
            "ore": "fanSteel"
        },
	"b":
        {
            "item": "minecraft:iron_bars"
        },
	"m":
        {
            "type": "forge:ore_dict",
            "ore": "blockMotor"
        },
	"t":
        {
            "item": "advancedrocketry:fueltank"
        }
    },
    "result":
    {
        "item": "advancedrocketry:oxygenvent",
        "count": 1
    }
}
