{
    "type": "minecraft:crafting_shaped",
    "pattern":
    [
	"pip",
	"gbf",
	"pcp"
    ],
    "key":
    {
	"c":
        {
            "item": "advancedrocketry:ic",
            "data": 0
        },
	"i":
        {
            "item": "advancedrocketry:misc",
            "data": 0
        },
	"b":
        {
	    "item": "libvulpes:structuremachine"
        },
	"p":
        {
	    "type": "forge:ore_dict",
            "ore": "plateSteel"
        },
	"f":
        {
	    "type": "forge:ore_dict",
            "ore": "fanSteel"
        },
	"g":
        {
	    "item": "minecraft:iron_bars"
        }
    },
    "result":
    {
        "item": "advancedrocketry:oxygendetection",
        "count": 1
    }
}
