{
    "type": "minecraft:crafting_shaped",
    "pattern":
    [
	"fif",
	"tbt",
	"pcp"
    ],
    "key":
    {
        "t":
        {
            "item": "advancedrocketry:fueltank"
        },
	"i":
        {
            "item": "advancedrocketry:misc",
            "data": 0
        },
	"b":
        {
            "item": "libvulpes:structuremachine"
        },
	"f":
        {
	    "type": "forge:ore_dict",
            "ore": "fanSteel"
        },
	"p":
        {
	    "type": "forge:ore_dict",
            "ore": "plateSteel"
        },
	"c":
        {
	    "item": "minecraft:heavy_weighted_pressure_plate"
        }
    },
    "result":
    {
        "item": "advancedrocketry:oxygencharger",
        "count": 1
    }
}
