{
    "type": "minecraft:crafting_shaped",
    "pattern":
    [
	"tst",
	"pbp",
	"cpc"
    ],
    "key":
    {
        "s":
        {
            "item": "advancedrocketry:misc",
            "data": 0
        },
        "t":
        {
            "item": "advancedrocketry:ic",
            "data": 1
        },
	"b":
        {
            "item": "libvulpes:structuremachine"
        },
	"p":
        {
	    "type": "forge:ore_dict",
            "ore": "plateTin"
        },
	"c":
        {
	    "item": "advancedrocketry:planetidchip"
        }
    },
    "result":
    {
        "item": "advancedrocketry:planetanalyser",
        "count": 1
    }
}
