{
    "type": "minecraft:crafting_shapeless",
    "ingredients":
    [
        {
	    "item": "libvulpes:hatch",
	    "data": 2
        },
	{
	    "item": "advancedrocketry:ic",
	    "data": 1
        }
    ],
    "result":
    {
        "item": "advancedrocketry:loader",
        "count": 1,
        "data": 5
    }
}
{
    "type": "minecraft:crafting_shapeless",
    "ingredients":
    [
	{
	    "item": "advancedrocketry:loader",
	    "data": 4
        }
    ],
    "result":
    {
        "item": "advancedrocketry:loader",
        "count": 1,
        "data": 5
    }
}
