{
    "type": "minecraft:crafting_shaped",
    "pattern":
    [
	"sgs",
	"cbc",
	"tdt"
    ],
    "key":
    {
        "c":
        {
            "item": "advancedrocketry:ic",
            "data": 3
        },
	"g":
        {
            "item": "advancedrocketry:misc",
            "data": 0
        },
	"b":
        {
            "item": "libvulpes:structuremachine"
        },
	"d":
        {
	    "item": "advancedrocketry:concrete"
        },
	"t":
        {
	    "type": "forge:ore_dict",
            "ore": "gearTitanium"
        },
	"s":
        {
	    "type": "forge:ore_dict",
            "ore": "stickTitanium"
        }
    },
    "result":
    {
        "item": "advancedrocketry:rocketbuilder",
        "count": 1
    }
}
