{
    "type": "minecraft:crafting_shaped",
    "pattern":
    [
	"sss",
	"rcr",
	"sss"
    ],
    "key":
    {
        "c":
        {
            "item": "advancedrocketry:ic",
            "data": 3
        },
        "s":
	{
            "type": "forge:ore_dict",
            "ore": "sheetAluminum"
        },
        "r":
        {
            "type": "forge:ore_dict",
            "ore": "rodTitanium"
        }
    },
    "result":
    {
        "item": "advancedrocketry:satellite",
        "count": 1
    }
}
