{
    "type": "minecraft:crafting_shaped",
    "pattern":
    [
	"s s",
	"pbp",
	"p p"
    ],
    "key":
    {
        "s":
        {
            "type": "forge:ore_dict",
            "ore": "rodIron"
        },
	"p":
        {
            "type": "forge:ore_dict",
            "ore": "plateIron"
        },
	"b":
        {
            "item": "advancedrocketry:sawbladeiron",
            "data": 0
        }
    },
    "result":
    {
        "item": "advancedrocketry:sawblade",
        "count": 1
    }
}
