{
    "type": "minecraft:crafting_shaped",
    "pattern":
    [
	"rrr",
	"gbg",
	"ppp"
    ],
    "key":
    {
        "r":
        {
            "type": "forge:ore_dict",
            "ore": "dustRedstone"
        },
        "g":
        {
            "type": "forge:ore_dict",
            "ore": "dustGlowstone"
        },
        "p":
        {
            "type": "forge:ore_dict",
            "ore": "plateGold"
        },
	"b":
        {
            "item": "libvulpes:structuremachine"
        }
    },
    "result":
    {
        "item": "advancedrocketry:solarpanel",
        "count": 1
    }
}
