{
    "type": "minecraft:crafting_shaped",
    "pattern":
    [
	" d ",
	"aba",
	"ccc"
    ],
    "key":
    {
	"d":
        {
	    "item": "advancedrocketry:ic",
	    "data": 3
        },
	"a":
        {
	    "item": "advancedrocketry:ic",
	    "data": 2
        },
	"b":
        {
	    "item": "libvulpes:structuremachine"
        },
	"c":
        {
	    "type": "forge:ore_dict",
            "ore": "coilAluminum"
        }
    },
    "result":
    {
        "item": "advancedrocketry:spaceelevatorcontroller",
        "count": 1
    }
}
