{
    "type": "minecraft:crafting_shaped",
    "pattern":
    [
	"prp",
	"rgr",
	"www"
    ],
    "key":
    {
	"w":
        {
	    "item": "minecraft:wool",
            "data": 32767
        },
	"g":
        {
	    "type": "forge:ore_dict",
            "ore": "paneGlassColorless"
        },
	"r":
        {
	    "type": "forge:ore_dict",
            "ore": "rodIron"
        },
	"p":
        {
	    "type": "forge:ore_dict",
            "ore": "plateIron"
        }
    },
    "result":
    {
        "item": "advancedrocketry:spacehelmet",
        "count": 1
    }
}
