{
    "type": "minecraft:crafting_shaped",
    "pattern":
    [
	"gdg",
	"dsd",
	"ada"
    ],
    "key":
    {
        "a":
        {
            "item": "advancedrocketry:ic",
            "data": 2
        },
	"g":
        {
            "item": "advancedrocketry:misc",
            "data": 0
        },
	"s":
        {
            "item": "advancedrocketry:rocketbuilder"
        },
	"d":
        {
	    "type": "forge:ore_dict",
            "ore": "dustDilithium"
        },
	"g":
        {
	    "type": "forge:ore_dict",
            "ore": "gearTitanium"
        }
    },
    "result":
    {
        "item": "advancedrocketry:stationbuilder",
        "count": 1
    }
}
