{
    "type": "minecraft:crafting_shaped",
    "pattern":
    [
	"   ",
	"lrl",
	"fgf"
    ],
    "key":
    {
        "l":
        {
	    "type": "forge:ore_dict",
            "ore": "dyeLime"
        },
        "r":
        {
	    "type": "forge:ore_dict",
            "ore": "dustRedstone"
        },
	"g":
        {
            "item": "minecraft:glass_pane"
        },
	"f":
        {
	    "type": "forge:ore_dict",
            "ore": "dustGlowstone"
        }
    },
    "result":
    {
        "item": "advancedrocketry:misc",
        "count": 1,
        "data": 0
    }
}
