{
    "parent": "item/generated",
    "model": "model/basicLaserGun",
    "textures": {
        "layer0": "advancedrocketry:items/basicLaserGun"
    },
    "display": {
        "thirdperson_righthand": {
            "rotation": [ -80, 260, -150 ],
            "translation": [ -1, 5, 2.5 ],
            "scale": [ 0.9, 0.9, 0.9 ]
        },
        "thirdperson_lefthand": {
            "rotation": [ -80, -280, 150 ],
            "translation": [ -1, 5, 2.5 ],
            "scale": [ 0.9, 0.9, 0.9 ]
        },
        "firstperson_righthand": {
            "rotation": [ 0, -90, 0 ],
            "translation": [ 1.13, 3.2, 1.13],
            "scale": [ 0.68, 0.68, 0.68 ]
        },
        "firstperson_lefthand": {
            "rotation": [ 0, 90, 0 ],
            "translation": [ 1.13, 3.2, 1.13],
            "scale": [ 0.68, 0.68, 0.68 ]
        }
    }
}
