{
	"elements": [{
			"name": "Top",
			"from": [0, 0, 0],
			"to": [16, 16, 16],
			"faces": {
				"up": {
					"texture": "#up",
					"uv": [0, 0, 16, 16]
				}
			}
		},
		{
			"name": "Bottom",
			"from": [0, 0, 0],
			"to": [16, 16, 16],
			"faces": {
				"down": {
					"texture": "#down",
					"uv": [0, 0, 16, 16]
				}
			}
		},
		{
			"name": "North",
			"from": [0, 0, 0],
			"to": [16, 16, 16],
			"faces": {
				"north": {
					"texture": "#side",
					"uv": [0, 0, 16, 16]
				}
			}
		},
		{
			"name": "South",
			"from": [0, 0, 0],
			"to": [16, 16, 16],
			"faces": {
				"south": {
					"texture": "#side",
					"uv": [0, 0, 16, 16]
				}
			}
		},
		{
			"name": "East",
			"from": [0, 0, 0],
			"to": [16, 16, 16],
			"faces": {
				"east": {
					"texture": "#side",
					"uv": [0, 0, 16, 16]
				}
			}
		},
		{
			"name": "West",
			"from": [0, 0, 0],
			"to": [16, 16, 16],
			"faces": {
				"west": {
					"texture": "#side",
					"uv": [0, 0, 16, 16]
				}
			}
		}
	]
}