{
    "elements": [
        {
            "name": "Bottom",
            "from": [ 0, 0, 0 ], 
            "to": [ 16, 1, 16 ], 
            "faces": {
                "up": { "texture": "#up", "uv": [ 0, 0, 16, 16 ] },
                "down": { "texture": "#down", "uv": [ 0, 0, 16, 16 ] }
            }
        },
        {
            "name": "North",
            "from": [ 0, 0, 0 ], 
            "to": [ 16, 16, 0 ], 
            "faces": {
                "north": { "texture": "#side", "uv": [ 0, 0, 16, 16 ] }
            }
        },
        {
            "name": "South",
            "from": [ 0, 0, 16 ], 
            "to": [ 16, 16, 16 ], 
            "faces": {
                "south": { "texture": "#side", "uv": [ 0, 0, 16, 16 ] }
            }
        },
        {
            "name": "East",
            "from": [ 16, 0, 0 ], 
            "to": [ 16, 16, 16 ], 
            "faces": {
                "east": { "texture": "#side", "uv": [ 0, 0, 16, 16 ] }
            }
        },
        {
            "name": "West",
            "from": [ 0, 0, 0 ], 
            "to": [ 0, 16, 16 ], 
            "faces": {
                "west": { "texture": "#side", "uv": [ 0, 0, 16, 16 ] }
            }
        },
        {
            "name": "NW Corner",
            "from": [ 0, 16, 0 ], 
            "to": [ 1, 16, 1 ], 
            "faces": {
                "up": { "texture": "#up", "uv": [ 0, 0, 1, 1 ] }
            }
        },
        {
            "name": "NE Corner",
            "from": [ 15, 16, 0 ], 
            "to": [ 16, 16, 1 ], 
            "faces": {
                "up": { "texture": "#up", "uv": [ 0, 0, 1, 1 ] }
            }
        },
        {
            "name": "SW Corner",
            "from": [ 0, 16, 15 ], 
            "to": [ 1, 16, 16 ], 
            "faces": {
                "up": { "texture": "#up", "uv": [ 0, 0, 1, 1 ] }
            }
        },
        {
            "name": "SE Corner",
            "from": [ 15, 16, 15 ], 
            "to": [ 16, 16, 16 ], 
            "faces": {
                "up": { "texture": "#up", "uv": [ 0, 0, 1, 1 ] }
            }
        },
        {
            "name": "North Inner",
            "from": [ 1, 1, 0 ], 
            "to": [ 15, 16, 1 ], 
            "faces": {
                "south": { "texture": "#side", "uv": [ 0, 0, 14, 15 ] },
                "up": { "texture": "#up", "uv": [ 0, 0, 14, 1 ] }
            }
        },
        {
            "name": "South Inner",
            "from": [ 1, 1, 15 ], 
            "to": [ 15, 16, 16 ], 
            "faces": {
                "north": { "texture": "#side", "uv": [ 0, 0, 14, 15 ] },
                "up": { "texture": "#up", "uv": [ 0, 0, 14, 1 ] }
            }
        },
        {
            "name": "East Inner",
            "from": [ 15, 1, 1 ], 
            "to": [ 16, 16, 15 ], 
            "faces": {
                "west": { "texture": "#side", "uv": [ 0, 0, 14, 15 ] },
                "up": { "texture": "#up", "uv": [ 0, 0, 1, 14 ] }
            }
        },
        {
            "name": "West Inner",
            "from": [ 0, 1, 1 ], 
            "to": [ 1, 16, 15 ], 
            "faces": {
                "east": { "texture": "#side", "uv": [ 0, 0, 14, 15 ] },
                "up": { "texture": "#up", "uv": [ 0, 0, 1, 14 ] }
            }
        }
    ]
}