{
	"elements": [{
		"from": [ 0,0,0 ],
		"to": [ 16,16,16 ],
		"faces": {
			"down": { "texture": "#side", "uv": [0,0,16,16], "rotation": 180 },
			"up": { "texture": "#side", "uv": [0,0,16,16] },
			"north": { "texture": "#top", "uv": [0,0,16,16] },
			"south": { "texture": "#bottom", "uv": [0,0,16,16] },
			"west": { "texture": "#side", "uv": [0,0,16,16], "rotation": 270 },
			"east": { "texture": "#side", "uv": [0,0,16,16], "rotation": 90 }
		}
	}],
	"textures":
	{
		"particle": "#side"
	}
}