{
    "parent": "block/cube_column",
    "display": { "scale": [0.8,1.0,0.8] },    
    "elements": [
        {   "from": [ 1, 0, 1 ],
            "to": [ 15, 16, 15 ],
            "faces": {
                "down":  { "texture": "#end", "cullface": "down" },
                "up":    { "texture": "#end", "cullface": "up" },
                "north": { "texture": "#side", "cullface": "north" },
                "south": { "texture": "#side", "cullface": "south" },
                "west":  { "texture": "#side", "cullface": "west" },
                "east":  { "texture": "#side", "cullface": "east" }
            }
        }
    ],
    "textures": {
        "side": "advancedrocketry:blocks/liquidTank",
        "end": "advancedrocketry:blocks/qcrucible_top"
    }
}
