{
"parent": "block/thin_block",
    "elements": [
        {   "from": [ 4, 4, 12 ],
            "to": [ 12, 12, 16 ],
            "faces": {
                "down":  { "texture": "#wool" },
                "up":    { "texture": "#wool" },
                "north": { "texture": "#wool" },
                "south": { "texture": "#notwool" },
                "west":  { "texture": "#wool" },
                "east":  { "texture": "#wool" }
            }
        }
    ],
    "textures": {
	"particle": "advancedrocketry:blocks/wirelesstransciever_front",
        "wool": "advancedrocketry:blocks/wirelesstransciever_front",
        "notwool": "advancedrocketry:blocks/wirelesstransciever_rear"
    }
}
