{
	"turbine": {
		"category": "block",
		"sounds": [
			"immersivetech:turbine"
		],
		"subtitle": "subtitle.immersivetech.turbine"
	},
	"alternator": {
		"category": "block",
		"sounds": [
			"immersivetech:alternator"
		],
		"subtitle": "subtitle.immersivetech.alternator"
	},
	"boiler": {
		"category": "block",
		"sounds": [
			"immersivetech:boiler"
		],
		"subtitle": "subtitle.immersivetech.boiler"
	},
	"distiller": {
		"category": "block",
		"sounds": [
			"immersivetech:distiller"
		],
		"subtitle": "subtitle.immersivetech.distiller"
	},
	"advCokeOven": {
		"category": "block",
		"sounds": [
			"immersivetech:adv_coke_oven"
		],
		"subtitle": "subtitle.immersivetech.advCokeOven"
	},
	"solarTower": {
		"category": "block",
		"sounds": [
			"immersivetech:solar_tower"
		],
		"subtitle": "subtitle.immersivetech.solarTower"
	},
	"coolingTower": {
		"category": "block",
		"sounds": [
			"immersivetech:cooling_tower"
		],
		"subtitle": "subtitle.immersivetech.coolingTower"
	}
}