{
    "display": {
        "icon": {
            "item": "libvulpes:productgem"
        },
        "title": {
            "translate": "achievement.dilithium"
        },
        "description": {
            "translate": "achievement.dilithium.desc"
        }
    },
    "parent": "advancedrocketry:normal/root",
    "criteria": {
        "dilithium": {
            "trigger": "minecraft:inventory_changed",
            "conditions": {
                "items": [
                    {
                        "item": "libvulpes:productgem",
                        "data": 0
                    }
                ]
            }
        }
    }
} 
