{
	"forge_marker": 1,
	"defaults": {
		"transform": "forge:default-block",
		"model": "immersiveengineering:smartmodel/connector",
		"custom": {
			"flip-v": true,
			"base": "immersiveengineering:block/metal_device/floodlight.obj.ie",
			"layers": [
				"SOLID",
				"TRANSLUCENT"
			]
		}
	},
	"variants": {
		"inventory,type=floodlight": [{
			"model": "immersiveengineering:metal_device/floodlight.obj.ie",
			"transform": {
				"translation": [0.1875, 0.375, 0.1875],
				"scale": [0.375, 0.375, 0.375],
				"firstperson_righthand": {
					"scale": [1, 1, 1],
					"rotation": [{
						"y": 180
					}]
				},
				"firstperson_lefthand": {
					"scale": [1, 1, 1],
					"rotation": [{
						"y": 180
					}]
				},
				"thirdperson_righthand": {
					"translation": [0, 0.09375, -0.171875],
					"rotation": [{
						"x": 70
					}, {
						"y": 70
					}]
				},
				"thirdperson_lefthand": {
					"translation": [0, 0.09375, -0.171875],
					"rotation": [{
						"x": 70
					}, {
						"y": 70
					}]
				},
				"fixed": {
					"scale": [2, 2, 2],
					"translation": [0, -0.25, 0],
					"rotation": [{
						"y": 90
					}]
				},
				"gui": {
					"translation": [0, -0.1875, 0.375],
					"rotation": [{
						"x": 30
					}, {
						"y": 140
					}],
					"scale": [1.875, 1.875, 1.875]
				}
			}
		}],
		"type": {
			"floodlight": {}
		},
		"facing": {
			"down": {},
			"up": {},
			"north": {},
			"south": {},
			"west": {},
			"east": {}
		},
		"_0multiblockslave": {
			"false": {},
			"true": {}
		},
		"boolean0": {
			"false": {},
			"true": {
				"custom": {
					"textures": {
						"#immersiveengineering:blocks/metal_device1_floodlight": "immersiveengineering:blocks/metal_device1_floodlight_on"
					}
				}
			}
		}
	}
}