{
	"forge_marker": 1,
	"defaults": {
		"transform": "forge:default-block",
		"model": "immersiveengineering:smartmodel/connector",
		"custom": {
			"flip-v": true,
			"base": "immersiveengineering:block/metal_device/e_lantern.obj",
			"layers": [
				"SOLID"
			]
		}
	},
	"variants": {
		"inventory,type=electric_lantern": [{
			"model": "immersiveengineering:metal_device/e_lantern.obj"
		}],
		"type": {
			"electric_lantern": {}
		},
		"facing": {
			"down": {
				"transform": {
					"rotation": {
						"x": -90
					}
				}
			},
			"up": {
				"transform": {
					"rotation": {
						"x": 180
					}
				}
			},
			"north": {
				"transform": {
					"rotation": {
						"y": 0
					}
				}
			},
			"south": {
				"transform": {
					"rotation": {
						"y": 180
					}
				}
			},
			"west": {
				"transform": {
					"rotation": {
						"y": 90
					}
				}
			},
			"east": {
				"transform": {
					"rotation": {
						"y": -90
					}
				}
			}
		},
		"_0multiblockslave": {
			"false": {},
			"true": {}
		},
		"boolean0": {
			"false": {},
			"true": {
				"custom": {
					"textures": {
						"#immersiveengineering:blocks/metal_device1_electric_lantern": "immersiveengineering:blocks/metal_device1_electric_lantern_on"
					}
				}
			}
		}
	}
}