{
	"forge_marker": 1,
	"defaults": {
		"transform": "forge:default-block",
		"model": "forge:multi-layer",
		"custom": {
			"base": "immersiveengineering:metal_device1_charging_station#normal",
			"Solid": "immersiveengineering:metal_device1_charging_station#normal",
			"Translucent": "immersiveengineering:metal_device1_charging_station#glass"
		}
	},
	"variants": {
		"normal": [{
			"model": "immersiveengineering:metal_device/charging_station.obj",
			"custom": {
				"flip-v": true
			}
		}],
		"glass": [{
			"model": "immersiveengineering:metal_device/charging_station_glass.obj",
			"custom": {
				"flip-v": true
			}
		}],
		"inventory,type=charging_station": [{}],
		"type": {
			"charging_station": {}
		},
		"facing": {
			"down": {
				"transform": {
					"rotation": {
						"x": -90
					}
				}
			},
			"up": {
				"transform": {
					"rotation": {
						"x": 90
					}
				}
			},
			"north": {
				"transform": {
					"rotation": {
						"y": 0
					}
				}
			},
			"south": {
				"transform": {
					"rotation": {
						"y": 180
					}
				}
			},
			"west": {
				"transform": {
					"rotation": {
						"y": 90
					}
				}
			},
			"east": {
				"transform": {
					"rotation": {
						"y": -90
					}
				}
			}
		},
		"_0multiblockslave": {
			"false": {},
			"true": {}
		},
		"boolean0": {
			"false": {},
			"true": {}
		}
	}
}