[{
		"ingredient": {
			"type": "forge:ore_dict",
			"ore": "blockGlass"
		},
		"name": "blockGlass"
	},
	{
		"ingredient": {
			"type": "forge:ore_dict",
			"ore": "blockIron"
		},
		"name": "blockIron"
	},
	{
		"ingredient": {
			"type": "forge:ore_dict",
			"ore": "blockLead"
		},
		"name": "blockLead"
	},
	{
		"ingredient": {
			"type": "forge:ore_dict",
			"ore": "blockRedstone"
		},
		"name": "blockRedstone"
	},
	{
		"ingredient": {
			"type": "forge:ore_dict",
			"ore": "blockSheetmetalIron"
		},
		"name": "blockSheetmetalIron"
	},
	{
		"ingredient": {
			"type": "forge:ore_dict",
			"ore": "blockSheetmetalSteel"
		},
		"name": "blockSheetmetalSteel"
	},
	{
		"ingredient": {
			"type": "forge:ore_dict",
			"ore": "blockSteel"
		},
		"name": "blockSteel"
	},
	{
		"ingredient": {
			"type": "forge:ore_dict",
			"ore": "bricksStone"
		},
		"name": "bricksStone"
	},
	{
		"ingredient": {
			"type": "forge:ore_dict",
			"ore": "craftingTableWood"
		},
		"name": "craftingTableWood"
	},
	{
		"ingredient": {
			"type": "forge:ore_dict",
			"ore": "charcoal"
		},
		"name": "charcoal"
	},
	{
		"ingredient": {
			"type": "forge:ore_dict",
			"ore": "dustCopper"
		},
		"name": "dustCopper"
	},
	{
		"ingredient": {
			"type": "forge:ore_dict",
			"ore": "dustCharcoal"
		},
		"name": "dustCharcoal"
	},
	{
		"ingredient": {
			"type": "forge:ore_dict",
			"ore": "dustGlowstone"
		},
		"name": "dustGlowstone"
	},
	{
		"ingredient": {
			"type": "forge:ore_dict",
			"ore": "dustGold"
		},
		"name": "dustGold"
	},
	{
		"ingredient": {
			"type": "forge:ore_dict",
			"ore": "dustIron"
		},
		"name": "dustIron"
	},
	{
		"ingredient": {
			"type": "forge:ore_dict",
			"ore": "dustNickel"
		},
		"name": "dustNickel"
	},
	{
		"ingredient": {
			"type": "forge:ore_dict",
			"ore": "dustRedstone"
		},
		"name": "dustRedstone"
	},
	{
		"ingredient": {
			"type": "forge:ore_dict",
			"ore": "dustSaltpeter"
		},
		"name": "dustSaltpeter"
	},
	{
		"ingredient": {
			"type": "forge:ore_dict",
			"ore": "dustSilver"
		},
		"name": "dustSilver"
	},
	{
		"ingredient": {
			"type": "forge:ore_dict",
			"ore": "dustSulfur"
		},
		"name": "dustSulfur"
	},
	{
		"ingredient": {
			"type": "forge:ore_dict",
			"ore": "dyeBlue"
		},
		"name": "dyeBlue"
	},
	{
		"ingredient": {
			"type": "forge:ore_dict",
			"ore": "dyeGreen"
		},
		"name": "dyeGreen"
	},
	{
		"ingredient": {
			"type": "forge:ore_dict",
			"ore": "dyeRed"
		},
		"name": "dyeRed"
	},
	{
		"ingredient": {
			"type": "forge:ore_dict",
			"ore": "fabricHemp"
		},
		"name": "fabricHemp"
	},
	{
		"ingredient": {
			"type": "forge:ore_dict",
			"ore": "fenceAluminum"
		},
		"name": "fenceAluminum"
	},
	{
		"ingredient": {
			"type": "forge:ore_dict",
			"ore": "fenceSteel"
		},
		"name": "fenceSteel"
	},
	{
		"ingredient": {
			"type": "forge:ore_dict",
			"ore": "fenceTreatedWood"
		},
		"name": "fenceTreatedWood"
	},
	{
		"ingredient": {
			"type": "forge:ore_dict",
			"ore": "fiberHemp"
		},
		"name": "fiberHemp"
	},
	{
		"ingredient": {
			"type": "forge:ore_dict",
			"ore": "gemQuartz"
		},
		"name": "gemQuartz"
	},
	{
		"ingredient": {
			"type": "forge:ore_dict",
			"ore": "glowstone"
		},
		"name": "glowstone"
	},
	{
		"ingredient": {
			"type": "forge:ore_dict",
			"ore": "ingotAluminum"
		},
		"name": "ingotAluminum"
	},
	{
		"ingredient": {
			"type": "forge:ore_dict",
			"ore": "ingotBrick"
		},
		"name": "ingotBrick"
	},
	{
		"ingredient": {
			"type": "forge:ore_dict",
			"ore": "ingotBrickNether"
		},
		"name": "ingotBrickNether"
	},
	{
		"ingredient": {
			"type": "forge:ore_dict",
			"ore": "ingotConstantan"
		},
		"name": "ingotConstantan"
	},
	{
		"ingredient": {
			"type": "forge:ore_dict",
			"ore": "ingotCopper"
		},
		"name": "ingotCopper"
	},
	{
		"ingredient": {
			"type": "forge:ore_dict",
			"ore": "ingotElectrum"
		},
		"name": "ingotElectrum"
	},
	{
		"ingredient": {
			"type": "forge:ore_dict",
			"ore": "ingotGold"
		},
		"name": "ingotGold"
	},
	{
		"ingredient": {
			"type": "forge:ore_dict",
			"ore": "ingotIron"
		},
		"name": "ingotIron"
	},
	{
		"ingredient": {
			"type": "forge:ore_dict",
			"ore": "ingotLead"
		},
		"name": "ingotLead"
	},
	{
		"ingredient": {
			"type": "forge:ore_dict",
			"ore": "ingotNickel"
		},
		"name": "ingotNickel"
	},
	{
		"ingredient": {
			"type": "forge:ore_dict",
			"ore": "ingotSilver"
		},
		"name": "ingotSilver"
	},
	{
		"ingredient": {
			"type": "forge:ore_dict",
			"ore": "ingotSteel"
		},
		"name": "ingotSteel"
	},
	{
		"ingredient": {
			"type": "forge:ore_dict",
			"ore": "ingotUranium"
		},
		"name": "ingotUranium"
	},
	{
		"ingredient": {
			"type": "forge:ore_dict",
			"ore": "itemSlag"
		},
		"name": "itemSlag"
	},
	{
		"ingredient": {
			"type": "forge:ore_dict",
			"ore": "leather"
		},
		"name": "leather"
	},
	{
		"ingredient": {
			"type": "forge:ore_dict",
			"ore": "nuggetElectrum"
		},
		"name": "nuggetElectrum"
	},
	{
		"ingredient": {
			"type": "forge:ore_dict",
			"ore": "paneGlass"
		},
		"name": "paneGlass"
	},
	{
		"ingredient": {
			"type": "forge:ore_dict",
			"ore": "paneGlassColorless"
		},
		"name": "paneGlassColorless"
	},
	{
		"ingredient": {
			"type": "forge:ore_dict",
			"ore": "plankTreatedWood"
		},
		"name": "plankTreatedWood"
	},
	{
		"ingredient": {
			"type": "forge:ore_dict",
			"ore": "plankWood"
		},
		"name": "plankWood"
	},
	{
		"ingredient": {
			"type": "forge:ore_dict",
			"ore": "plateAluminum"
		},
		"name": "plateAluminum"
	},
	{
		"ingredient": {
			"type": "forge:ore_dict",
			"ore": "plateConstantan"
		},
		"name": "plateConstantan"
	},
	{
		"ingredient": {
			"type": "forge:ore_dict",
			"ore": "plateCopper"
		},
		"name": "plateCopper"
	},
	{
		"ingredient": {
			"type": "forge:ore_dict",
			"ore": "plateElectrum"
		},
		"name": "plateElectrum"
	},
	{
		"ingredient": {
			"type": "forge:ore_dict",
			"ore": "plateGold"
		},
		"name": "plateGold"
	},
	{
		"ingredient": {
			"type": "forge:ore_dict",
			"ore": "plateIron"
		},
		"name": "plateIron"
	},
	{
		"ingredient": {
			"type": "forge:ore_dict",
			"ore": "plateLead"
		},
		"name": "plateLead"
	},
	{
		"ingredient": {
			"type": "forge:ore_dict",
			"ore": "plateNickel"
		},
		"name": "plateNickel"
	},
	{
		"ingredient": {
			"type": "forge:ore_dict",
			"ore": "plateSilver"
		},
		"name": "plateSilver"
	},
	{
		"ingredient": {
			"type": "forge:ore_dict",
			"ore": "plateSteel"
		},
		"name": "plateSteel"
	},
	{
		"ingredient": {
			"type": "forge:ore_dict",
			"ore": "plateUranium"
		},
		"name": "plateUranium"
	},
	{
		"ingredient": {
			"type": "forge:ore_dict",
			"ore": "sand"
		},
		"name": "sand"
	},
	{
		"ingredient": {
			"type": "forge:ore_dict",
			"ore": "sandstone"
		},
		"name": "sandstone"
	},
	{
		"ingredient": {
			"type": "forge:ore_dict",
			"ore": "scaffoldingSteel"
		},
		"name": "scaffoldingSteel"
	},
	{
		"ingredient": {
			"type": "forge:ore_dict",
			"ore": "slabSheetmetalIron"
		},
		"name": "slabSheetmetalIron"
	},
	{
		"ingredient": {
			"type": "forge:ore_dict",
			"ore": "slabSheetmetalSteel"
		},
		"name": "slabSheetmetalSteel"
	},
	{
		"ingredient": {
			"type": "forge:ore_dict",
			"ore": "slabTreatedWood"
		},
		"name": "slabTreatedWood"
	},
	{
		"ingredient": {
			"type": "forge:ore_dict",
			"ore": "stickAluminum"
		},
		"name": "stickAluminum"
	},
	{
		"ingredient": {
			"type": "forge:ore_dict",
			"ore": "stickIron"
		},
		"name": "stickIron"
	},
	{
		"ingredient": {
			"type": "forge:ore_dict",
			"ore": "stickSteel"
		},
		"name": "stickSteel"
	},
	{
		"ingredient": {
			"type": "forge:ore_dict",
			"ore": "stickTreatedWood"
		},
		"name": "stickTreatedWood"
	},
	{
		"ingredient": {
			"type": "forge:ore_dict",
			"ore": "stickWood"
		},
		"name": "stickWood"
	},
	{
		"ingredient": {
			"type": "forge:ore_dict",
			"ore": "torch"
		},
		"name": "torch"
	},
	{
		"ingredient": {
			"type": "forge:ore_dict",
			"ore": "wireAluminum"
		},
		"name": "wireAluminum"
	},
	{
		"ingredient": {
			"type": "forge:ore_dict",
			"ore": "wireCopper"
		},
		"name": "wireCopper"
	},
	{
		"ingredient": {
			"type": "forge:ore_dict",
			"ore": "wireElectrum"
		},
		"name": "wireElectrum"
	},
	{
		"ingredient": {
			"type": "forge:ore_dict",
			"ore": "wireSteel"
		},
		"name": "wireSteel"
	},
	{
		"ingredient": [{
				"type": "forge:ore_dict",
				"ore": "stickWood"
			},
			{
				"type": "forge:ore_dict",
				"ore": "stickTreatedWood"
			}
		],
		"name": "listWoodenSticks"
	},
	{
		"ingredient": [{
				"type": "forge:ore_dict",
				"ore": "stickIron"
			},
			{
				"type": "forge:ore_dict",
				"ore": "stickAluminum"
			},
			{
				"type": "forge:ore_dict",
				"ore": "stickSteel"
			}
		],
		"name": "listMetalSticks"
	},
	{
		"ingredient": [{
				"item": "immersiveengineering:tool",
				"data": 1
			},
			{
				"item": "minecraft:shears",
				"data": 32767
			}
		],
		"name": "listCutters"
	},
	{
		"ingredient": {
			"item": "immersiveengineering:material",
			"data": 8
		},
		"name": "componentIron"
	},
	{
		"ingredient": {
			"item": "immersiveengineering:material",
			"data": 9
		},
		"name": "componentSteel"
	},
	{
		"ingredient": {
			"item": "immersiveengineering:material",
			"data": 13
		},
		"name": "woodenGrip"
	},
	{
		"ingredient": {
			"item": "immersiveengineering:material",
			"data": 26
		},
		"name": "elecTube"
	},
	{
		"ingredient": {
			"item": "immersiveengineering:metal_decoration0",
			"data": 0
		},
		"name": "copperCoil"
	},
	{
		"ingredient": {
			"item": "immersiveengineering:metal_decoration0",
			"data": 1
		},
		"name": "electrumCoil"
	},
	{
		"ingredient": {
			"item": "immersiveengineering:metal_decoration0",
			"data": 2
		},
		"name": "hvCoil"
	},
	{
		"ingredient": {
			"type": "immersiveengineering:stackable_nbt",
			"item": "immersiveengineering:conveyor",
			"nbt": {
				"conveyorType": "immersiveengineering:conveyor"
			}
		},
		"name": "baseConveyor"
	},
	{
		"ingredient": [{
				"type": "forge:ore_dict",
				"ore": "chestWood"
			}
		],
		"name": "chestWood"
	}
]