{
	"ingredients": {
		"fluid": "blusunrize.immersiveengineering.common.crafting.IngredientFactoryFluidStack",
		"stackable_nbt": "blusunrize.immersiveengineering.common.crafting.IngredientFactoryStackableNBT"
	},
	"recipes": {
		"ingredient_shapeless": "blusunrize.immersiveengineering.common.crafting.RecipeFactoryShapelessIngredient",
		"ingredient_shaped": "blusunrize.immersiveengineering.common.crafting.RecipeFactoryShapedIngredient"
	},
	"conditions": {
		"ore_exists": "blusunrize.immersiveengineering.common.crafting.ConditionFactoryOreExists",
		"config": "blusunrize.immersiveengineering.common.crafting.ConditionFactoryIEConfig"
	}
}